{"_id":"38145a78-a383-4b0a-b7b1-9a24c0088c4a_AppSrv01_1908997737115770_c71a3242-09b4-4c5a-80dd-cf31706685c3_JavaHelloWorldApp_war.ear_json","_rev":"1-4b0b23fa6e124f3daf68ae244ae27331","report":"technology","version":"2.3","productVersion":"24.0.0.3","productRelease":"24.0.0.3","buildID":"v20241121_2333","options":["--baseEdition","--coreEdition","--includeHelpLocation","--liberty","--ndEdition","--traditional","--zosEdition","--excludePackages\u003dch.qos,com.cloudant,com.cognos,com.fasterxml,com.filenet,com.ibatis,com.ibm,com.informix,com.lowagie,com.mchange,com.meterware,com.microsoft,com.mongodb,com.mysql,com.sun,com.sybase,filenet,freemarker,groovy,jakarta,java,javax,net,oracle,org,sqlj,sun,twitter4j,_ibmjsp"],"applications":[{"application":"/opt/IBM/WebSphere/AppServer/profiles/AppSrv01/config/cells/ghettoes1Node01Cell/applications/JavaHelloWorldApp_war.ear/JavaHelloWorldApp_war.ear","summary":{"openLiberty":true,"libertyCore":true,"liberty":true,"websphereTraditional":true,"ndLiberty":true,"ndTraditional":true,"zosLiberty":true,"zosTraditional":true},"technologies":[{"technology":"Java Servlet","openLiberty":true,"libertyCore":true,"liberty":true,"websphereTraditional":true,"ndLiberty":true,"ndTraditional":true,"zosLiberty":true,"zosTraditional":true}],"incompleteReportErrors":[],"footnotes":[]}],"overallSummary":{"openLiberty":true,"libertyCore":true,"liberty":true,"websphereTraditional":true,"ndLiberty":true,"ndTraditional":true,"zosLiberty":true,"zosTraditional":true},"name":"JavaHelloWorldApp_war.ear.eval","type":"json","tenantId":"c71a3242-09b4-4c5a-80dd-cf31706685c3","taskname":"38145a78-a383-4b0a-b7b1-9a24c0088c4a","created":1732618300821,"profileName":"AppSrv01_1908997737115770","applicationName":"JavaHelloWorldApp_war.ear","id":"38145a78-a383-4b0a-b7b1-9a24c0088c4a_AppSrv01_1908997737115770_c71a3242-09b4-4c5a-80dd-cf31706685c3_JavaHelloWorldApp_war.ear_json"}