{"_id":"38145a78-a383-4b0a-b7b1-9a24c0088c4a_AppSrv01_1908997737115770_c71a3242-09b4-4c5a-80dd-cf31706685c3_JavaHelloWorldApp_war.ear_json","_rev":"1-7e6cc5ab1950f7a1ea586d91c5158ad7","report":"inventory","version":"4.0","productVersion":"24.0.0.3","productRelease":"24.0.0.3","buildID":"v20241121_2333","options":["--includeHelpLocation","--maxUserDefinedRuleResults\u003d100","--userRuleLocation\u003d/root/dc/transformationadvisor-4.0.0/bin/../conf/userDefinedRules","--excludePackages\u003dch.qos,com.cloudant,com.cognos,com.fasterxml,com.filenet,com.ibatis,com.ibm,com.informix,com.lowagie,com.mchange,com.meterware,com.microsoft,com.mongodb,com.mysql,com.sun,com.sybase,filenet,freemarker,groovy,jakarta,java,javax,net,oracle,org,sqlj,sun,twitter4j,_ibmjsp"],"applications":["/opt/IBM/WebSphere/AppServer/profiles/AppSrv01/config/cells/ghettoes1Node01Cell/applications/JavaHelloWorldApp_war.ear/JavaHelloWorldApp_war.ear"],"sharedLibraries":[],"archives":{"ears":1,"wars":1,"rars":0,"ejbs":0,"webFragments":0,"utilityJars":0,"appClients":0},"summary":{"servlets":1,"jsps":0,"jpaEntities":0,"bmpEntityBeans":0,"cmpEntityBeans":0,"messageDrivenBeans":0,"singletonSessionBeans":0,"statefulSessionBeans":0,"statelessSessionBeans":0,"jaxrpcConsumers":0,"jaxrpcProviders":0,"jaxrsConsumers":0,"jaxrsProviders":0,"jaxwsConsumers":0,"jaxwsProviders":0,"springBeans":0},"archiveInventory":[{"archiveName":"/opt/IBM/WebSphere/AppServer/profiles/AppSrv01/config/cells/ghettoes1Node01Cell/applications/JavaHelloWorldApp_war.ear/JavaHelloWorldApp_war.ear","moduleType":"Enterprise archive","moduleVersion":"5","moduleSize":24651,"checksum":"22006674f56144c697fa91e3b6b68007418daa087678491165b2872e253000b3","archives":{"wars":1,"rars":0,"ejbs":0,"utilityJars":0,"appClients":0},"summary":{"servlets":1,"jsps":0,"jpaEntities":0,"bmpEntityBeans":0,"cmpEntityBeans":0,"messageDrivenBeans":0,"singletonSessionBeans":0,"statefulSessionBeans":0,"statelessSessionBeans":0,"jaxrpcConsumers":0,"jaxrpcProviders":0,"jaxrsConsumers":0,"jaxrsProviders":0,"jaxwsConsumers":0,"jaxwsProviders":0,"springBeans":0},"potentialDeploymentProblemsSummary":{"archivesContainingDuplicateClasses":0,"archivesContainingJavaEEorSEClasses":0,"archivesContainingConflictingOpenSourceSoftwareClasses":0,"archivesContainingWebSphereClasses":0,"archivesNotReferencedInTheApplication":0,"archivesWithMissingDependenciesInTheApplication":0,"classesWithSystemLevelJVMConfiguration":0,"sharedLibrariesReferencingApplicationClasses":0},"potentialDeploymentProblemsDetails":[{"duplicateClassesWithinClassLoader":[]},{"duplicateClassesAcrossApplication":[]},{"javaEEandSEClasses":[]},{"duplicateWebSphereClasses":[]},{"openSourceSoftwareClasses":[]},{"archivesNotReferenced":[]},{"missingDependencies":[]},{"classesWithSystemLevelJVMConfiguration":[]},{"sharedLibraryDependencies":[]}],"performanceConsiderations":{"archivesThatAreCandidatesForMetadataCompleteTrueAttribute":[],"webModulesWithExcessiveClassFiles":[],"webModulesWithExcessiveStaticResources":[]},"operationalConsiderations":{"deploymentTargets":{"clusters":[],"nonClusteredServers":[{"name":"server1","node":"ghettoes1Node01","type":"APPLICATION_SERVER"}]}},"containedArchiveInventory":[{"archiveName":"/opt/IBM/WebSphere/AppServer/profiles/AppSrv01/config/cells/ghettoes1Node01Cell/applications/JavaHelloWorldApp_war.ear/JavaHelloWorldApp_war.ear/JavaHelloWorldApp.war","moduleType":"Web module","metadataComplete":"Unspecified","checksum":"22006674f56144c697fa91e3b6b68007418daa087678491165b2872e253000b3","archives":{"ejbs":0,"webFragments":0,"utilityJars":0},"summary":{"servlets":1,"jsps":0,"jpaEntities":0,"bmpEntityBeans":0,"cmpEntityBeans":0,"messageDrivenBeans":0,"singletonSessionBeans":0,"statefulSessionBeans":0,"statelessSessionBeans":0,"jaxrpcConsumers":0,"jaxrpcProviders":0,"jaxrsConsumers":0,"jaxrsProviders":0,"jaxwsConsumers":0,"jaxwsProviders":0,"springBeans":0}}]}],"sharedLibraryDetails":[],"name":"JavaHelloWorldApp_war.ear.inventory","type":"json","tenantId":"c71a3242-09b4-4c5a-80dd-cf31706685c3","taskname":"38145a78-a383-4b0a-b7b1-9a24c0088c4a","created":1732618300821,"profileName":"AppSrv01_1908997737115770","applicationName":"JavaHelloWorldApp_war.ear","id":"38145a78-a383-4b0a-b7b1-9a24c0088c4a_AppSrv01_1908997737115770_c71a3242-09b4-4c5a-80dd-cf31706685c3_JavaHelloWorldApp_war.ear_json"}