{"_id":"38145a78-a383-4b0a-b7b1-9a24c0088c4a_AppSrv01_1908997737115770_c71a3242-09b4-4c5a-80dd-cf31706685c3_JavaHelloWorldApp_war.ear.EASe_json","_rev":"1-b436fa4c7986b20f55acc0d162cc65a5","report":"analysis","version":"1.4","productVersion":"24.0.0.3","productRelease":"24.0.0.3","buildID":"v20241121_2333","options":["--sourceAppServer\u003dwas90","--sourceJava\u003dibm8","--sourceJavaEE\u003dee7","--targetAppServer\u003dEASe","--targetJava\u003dibm8","--targetJavaEE\u003dee7","--targetCloud\u003dcontainers","--includeHelpLocation","--maxUserDefinedRuleResults\u003d100","--userRuleLocation\u003d/root/dc/transformationadvisor-4.0.0/bin/../conf/userDefinedRules","--excludePackages\u003dch.qos,com.cloudant,com.cognos,com.fasterxml,com.filenet,com.ibatis,com.ibm,com.informix,com.lowagie,com.mchange,com.meterware,com.microsoft,com.mongodb,com.mysql,com.sun,com.sybase,filenet,freemarker,groovy,jakarta,java,javax,net,oracle,org,sqlj,sun,twitter4j,_ibmjsp"],"totalRulesFlagged":0,"filesAffected":0,"totalResults":0,"applications":["/opt/IBM/WebSphere/AppServer/profiles/AppSrv01/config/cells/ghettoes1Node01Cell/applications/JavaHelloWorldApp_war.ear/JavaHelloWorldApp_war.ear"],"rules":[],"name":"JavaHelloWorldApp_war.ear.EASe.analyze","type":"json","tenantId":"c71a3242-09b4-4c5a-80dd-cf31706685c3","taskname":"38145a78-a383-4b0a-b7b1-9a24c0088c4a","created":1732618300821,"profileName":"AppSrv01_1908997737115770","applicationName":"JavaHelloWorldApp_war.ear.EASe","id":"38145a78-a383-4b0a-b7b1-9a24c0088c4a_AppSrv01_1908997737115770_c71a3242-09b4-4c5a-80dd-cf31706685c3_JavaHelloWorldApp_war.ear.EASe_json"}